RESOURCE_FROM,RESOURCE_TO,Handover
"Res1","Res1",0.003275109170305677
"Res1","Res2",0.002183406113537118
"Res1","Res3",0.00240174672489083
"Res1","Res4",0.003493449781659389
"Res1","Res5",0.0002183406113537118
"Res1","Res6",0.0006550218340611354
"Res1","Res7",0.0006550218340611354
"Res1","Res8",0.003493449781659389
"Res2","Res1",0.001746724890829694
"Res2","Res2",0.004366812227074236
"Res2","Res3",0.002838427947598253
"Res2","Res4",0.002838427947598253
"Res2","Res5",0.0002183406113537118
"Res2","Res7",0.0008733624454148472
"Res2","Res8",0.003930131004366812
"Res3","Res1",0.1580786026200873
"Res3","Res2",0.1617903930131004
"Res3","Res3",0.1665938864628821
"Res3","Res4",0.1646288209606987
"Res3","Res5",0.06506550218340611
"Res3","Res6",0.07052401746724891
"Res3","Res7",0.02620087336244541
"Res3","Res8",0.1580786026200873
"Res4","Res1",0.1596069868995633
"Res4","Res2",0.1565502183406114
"Res4","Res3",0.1567685589519651
"Res4","Res4",0.1707423580786026
"Res4","Res5",0.07074235807860262
"Res4","Res6",0.07510917030567686
"Res4","Res7",0.02379912663755459
"Res4","Res8",0.1646288209606987
"Res5","Res1",0.003056768558951965
"Res5","Res2",0.004148471615720524
"Res5","Res3",0.0665938864628821
"Res5","Res4",0.05982532751091703
"Res5","Res5",0.01506550218340611
"Res5","Res6",0.01593886462882096
"Res5","Res7",0.0148471615720524
"Res5","Res8",0.01244541484716157
"Res6","Res1",0.003056768558951965
"Res6","Res2",0.004585152838427947
"Res6","Res3",0.07117903930131005
"Res6","Res4",0.06593886462882097
"Res6","Res5",0.01681222707423581
"Res6","Res6",0.01768558951965065
"Res6","Res7",0.01528384279475982
"Res6","Res8",0.01593886462882096
"Res7","Res1",0.005676855895196507
"Res7","Res2",0.005895196506550219
"Res7","Res3",0.01768558951965065
"Res7","Res4",0.01834061135371179
"Res7","Res5",0.01637554585152838
"Res7","Res6",0.02139737991266375
"Res7","Res7",0.01812227074235808
"Res7","Res8",0.1556768558951965
"Res8","Res1",0.1722707423580786
"Res8","Res2",0.1829694323144105
"Res8","Res3",0.1648471615720524
"Res8","Res4",0.159825327510917
"Res8","Res5",0.007860262008733625
"Res8","Res6",0.009825327510917031
"Res8","Res7",0.159825327510917
"Res8","Res8",0.1600436681222707

