CLUSTER_FROM,CLUSTER_TO,Handoff
"cluster_0","cluster_0",0.151528384279476
"cluster_0","cluster_1",0.4836244541484716
"cluster_0","cluster_2",0.02641921397379913
"cluster_1","cluster_0",0.5089519650655022
"cluster_1","cluster_1",1.466157205240175
"cluster_1","cluster_2",0.9912663755458515
"cluster_2","cluster_0",0.002620087336244541
"cluster_2","cluster_1",0.01899563318777293
"cluster_2","cluster_2",0.01157205240174673

